num;Glaciar;pendiente;volumen;proximidad_lago;ancho;ranking
7;Glaciar R?o Volc?n;40.9;2.2;8.0;7.2;0.3833333333333333
1;Glaciar El Morado;45.7;2.1;5.0;6.0;0.25555555555555565
5;Glaciar La Paloma;48.1;1.6;3.8;3.5;0.09513888888888886
2;Glaciar San Francisco;22.3;3.0;7.2;8.0;0.06597222222222227
3;Glaciar Las ?nimas;39.8;1.8;2.3;4.5;-0.0743055555555556
6;Glaciar Morado Bajo;27.3;1.4;6.0;5.0;-0.13333333333333328
8;Glaciar Azul;33.5;2.0;4.5;2.3;-0.1930555555555556
0;Glaciar San Jos?;32.5;1.2;3.5;3.8;-0.19861111111111113
4;Glaciar El Colorado;29.4;2.5;4.1;4.1;-0.20069444444444454